"Post_title","Poster_username","Content","Stars","Commentary","Commentary_username","keyword","category"
"Les bases de la mode chic","User123","Guide pour un style élégant","5","Excellent tutoriel !","Fashionista001","mode chic","fashion and beauty"
"Les recettes de grand-mère","ChefPierre","Découvrez les secrets de la cuisine traditionnelle","4","Très bon contenu, merci !","FoodLover88","recettes traditionnelles","food and cooking"
"Les meilleurs mangas de 2024","AnimeFan21","Une sélection des mangas incontournables de cette année","5","Super liste, j'adore !","MangaLover77","meilleurs mangas","manga and anime"
"Créer votre propre Webtoon","WebtoonArtist","Conseils et astuces pour les débutants","3","Bonnes infos mais pourrait être plus détaillé","ArtistAlly","création Webtoon","manhwa Webtoon and fanfiction"
"La mode durable","GreenFashionista","Comment adopter une garde-robe éthique","4","Inspirant et informatif, merci !","EcoChic","mode éthique","fashion and beauty"
"Cuisine rapide pour les gourmands","QuickCook","Recettes faciles pour les journées chargées","4","Pratique et rapide, bien joué","BusyBee","cuisine rapide","food and cooking"
"Les classiques de l'anime","OtakuMaster","Une plongée dans les animes incontournables","5","Merci pour les recommandations !","AnimeAddict","animes classiques","manga and anime"
"Écrire une fanfiction captivante","FanficWriter","Astuces pour captiver vos lecteurs dès le début","3","Pas mal, j'ai appris quelques trucs","StoryLover","fanfiction captivante","manhwa Webtoon and fanfiction"
"Tendances maquillage 2024","MakeupGuru","Les looks à ne pas manquer cette année","5","J'adore les conseils !","BeautyQueen","tendances maquillage","fashion and beauty"
"Dessiner des personnages de Webtoon","SketchArtist","Tutoriel sur les techniques de dessin","4","Bien expliqué et facile à suivre","ArtLover101","dessin de personnages","manhwa Webtoon and fanfiction"
"Les tendances de la mode printemps","StyleExpert","Tout ce qu'il faut savoir pour être à la mode ce printemps","4","Contenu très utile et inspirant","TrendyChic","tendances printemps","fashion and beauty"
"Délices italiens à la maison","HomeChef","Découvrez comment préparer des plats italiens authentiques","5","Délicieux et bien expliqué","FoodFanatic","cuisine italienne","food and cooking"
"Les nouveaux animes à ne pas manquer","OtakuGirl","Revue des animes les plus attendus de cette saison","5","Super sélection, merci !","AnimeFanatic","animes à venir","manga and anime"
"Créer des histoires captivantes","FanFictionMaster","Astuces pour écrire des récits engageants","3","Bonnes idées mais trop basiques","Writer101","écriture de récits","manhwa Webtoon and fanfiction"
"Look minimaliste pour cet été","SimplicityQueen","Conseils pour adopter un style minimaliste","4","J'adore ce style !","MinimalistLover","look minimaliste","fashion and beauty"
"Cuisine végétarienne pour débutants","VeggieChef","Recettes simples et savoureuses pour les végétariens","5","Parfait pour commencer","GreenEater","cuisine végétarienne","food and cooking"
"Top 10 des mangas classiques","MangaExpert","Une liste des mangas incontournables de tous les temps","5","Merci pour les recommandations","ClassicMangaFan","mangas classiques","manga and anime"
"Comment illustrer des scènes d'action","WebtoonCreator","Techniques pour dessiner des scènes dynamiques","4","Très instructif","ActionArtist","dessin d'action","manhwa Webtoon and fanfiction"
"Maquillage de soirée","BeautyGuru","Les meilleures techniques pour un look de soirée","5","Parfait pour les grandes occasions","PartyQueen","maquillage de soirée","fashion and beauty"
"Gérer son dressing","FashionPlanner","Conseils pour organiser et optimiser son garde-robe","4","Très pratique, merci !","OrganizedChic","organisation garde-robe","fashion and beauty"
"Plats rapides en 30 minutes","QuickChef","Recettes pour des repas rapides et délicieux","4","Pratique et délicieux","BusyCook","plats rapides","food and cooking"
"Nouveaux animes de l'année","AnimeCritic","Les animes à ne pas rater cette année","5","Super guide, bien détaillé","OtakuFan","nouveaux animes","manga and anime"
"Écrire des webtoons accrocheurs","WebtoonWriter","Astuces pour captiver votre audience","3","Utile mais pourrait être plus complet","StoryTeller","écriture Webtoon","manhwa Webtoon and fanfiction"
"Mode écoresponsable","EcoFashion","Comment adopter un style de vie durable et chic","5","Inspirant et nécessaire","GreenFashionLover","mode durable","fashion and beauty"
"Desserts faciles et rapides","SweetChef","Recettes de desserts simples pour tous les jours","4","Délicieux et facile à suivre","SweetTooth","desserts faciles","food and cooking"
"Les animes les plus attendus","AnimeExpert","Les nouveautés les plus excitantes de la saison","5","Hâte de tous les regarder","AnimeLover","animes attendus","manga and anime"
"Conseils pour illustrer des personnages","WebtoonArtistTips","Techniques de dessin pour créer des personnages mémorables","4","Très bon tutoriel","CharacterSketcher","dessin de personnages","manhwa Webtoon and fanfiction"
"Maquillage naturel","BeautyEnthusiast","Guide pour un look naturel et élégant","5","J'adore ces astuces !","NaturalBeauty","maquillage naturel","fashion and beauty"
"Organiser une fête parfaite","EventPlanner","Astuces pour une fête réussie","4","Très utile et bien expliqué","PartyPlanner","organisation de fêtes", "food and cooking"
"Les classiques de la cuisine française","FrenchChef","Recettes intemporelles de la cuisine française","5","Un régal pour les papilles","FoodConnoisseur","cuisine française","food and cooking"
"Les incontournables du manga","TopManga","Une liste des mangas à lire absolument","5","Excellente sélection","merci","MangaLover2024","mangas incontournables","manga and anime"
"Dessiner des expressions faciales","ArtMaster","Guide pour dessiner des expressions réalistes","4","Très bon guide","Expressionist","dessin d'expressions","manhwa Webtoon and fanfiction"
"Mode et accessoires d'été","SummerStylist","Les indispensables mode pour cet été","5","Tout simplement parfait","SunChic","mode d'été","fashion and beauty"
"Cuisine asiatique à la maison","AsianChef","Recettes authentiques et faciles à réaliser","5","Délicieux et simple","AsianFoodie","cuisine asiatique","food and cooking"
"Nouveautés manga à découvrir","MangaReviewer","Les mangas les plus attendus de la saison","5","Superbes recommandations","NewMangaFan","nouveaux mangas","manga and anime"
"Créer des scènes romantiques","WebtoonRomance","Conseils pour dessiner des scènes romantiques convaincantes","3","Assez utile","RomanceArtist","dessin romantique","manhwa Webtoon and fanfiction"
"Beauté et soins de la peau","SkinCareGuru","Guide pour une peau éclatante et saine","4","Super conseils, merci","SkinLover","soins de la peau","fashion and beauty"
"Conseils pour un style chic","StyleAdvisor","Comment toujours paraître élégant","5","J'adore ces conseils","StylishOne","style chic","fashion and beauty"
"Recettes de petits déjeuners rapides","BreakfastChef","Idées pour des petits déjeuners faciles et nutritifs","4","Parfait pour commencer la journée","EarlyBird","petits déjeuners rapides","food and cooking"
"Meilleurs animes de l'année","AnimeReviewer","Les animes qui ont marqué l'année","5","Super sélection, bien joué","AnimeWatcher","meilleurs animes","manga and anime"
"Créer des webtoons engageants","WebtoonCreatorGuide","Stratégies pour attirer et fidéliser les lecteurs","4","Bien expliqué, merci","EngagingArtist","webtoons engageants","manhwa Webtoon and fanfiction"
"Mode d'automne","AutumnFashionista","Les tendances de la saison automnale","5","Adoré les suggestions","FallFashion","mode d'automne","fashion and beauty"
"Desserts sains et savoureux","HealthyBaker","Recettes pour des desserts délicieux et bons pour la santé","5","Délicieux et sain","HealthNut","desserts sains","food and cooking"
"Les classiques du manga","MangaHistorian","Une plongée dans l'histoire des mangas","5","Très intéressant, merci","HistoricalFan","mangas classiques","manga and anime"
"Techniques de dessin pour webtoons","WebtoonTechniques","Astuce pour améliorer vos dessins","4","Utile et pratique","TechniqueArtist","dessin pour webtoons","manhwa Webtoon and fanfiction"
"Maquillage pour les peaux sensibles","SensitiveSkinGuru","Conseils pour un maquillage doux et non irritant","5","Parfait pour ma peau","SensitiveBeauty","maquillage peau sensible","fashion and beauty"
"Organiser sa garde-robe","FashionOrganizer","Astuces pour un dressing bien rangé","4","Trop pratique, merci","NeatFreak","organisation garde-robe","fashion and beauty"
"Plats italiens faciles","ItalianCook","Recettes simples pour un goût authentique","5","Délicieux et simple","ItalianLover","plats italiens","food and cooking"
"Animes et manga incontournables","AnimeMangaCritic","Les œuvres à ne pas manquer cette année","5","Top sélection, merci","MustWatchFan","animes incontournables","manga and anime"
"Créer des personnages uniques","WebtoonCharacter","Astuces pour des personnages mémorables","4","Bien expliqué, merci","CharacterCreator","création de personnages","manhwa Webtoon and fanfiction"
"Maquillage de jour","DayMakeupArtist","Look frais et naturel pour la journée","5","J'adore ces astuces","DailyBeauty","maquillage de jour","fashion and beauty"
"Petits déjeuners gourmands","BrunchChef","Idées de recettes pour des matins savoureux","4","Parfait pour le brunch","BrunchLover","petits déjeuners gourmands","food and cooking"
"Les nouveaux animes du mois","AnimeUpdate","Les dernières sorties à ne pas manquer","5","Excellente sélection","AnimeWatcher2024","nouveaux animes","manga and anime"
"Dessiner des scènes de combat","WebtoonAction","Astuces pour rendre vos combats plus dynamiques","4","Super tutoriel","CombatArtist","scènes de combat","manhwa Webtoon and fanfiction"
"Mode d'hiver","WinterStylist","Les essentiels pour être à la mode cet hiver","5","Très utile pour la saison","WinterChic","mode d'hiver","fashion and beauty"
"Desserts sans sucre","SugarFreeBaker","Recettes pour des desserts gourmands et sans sucre ajouté","5","Parfait pour les gourmands","HealthySweet","desserts sans sucre","food and cooking"
"Sélection des mangas du mois","MonthlyManga","Les meilleures sorties du mois","5","Merci pour les recommandations","MangaAddict","mangas du mois","manga and anime"
"Écrire des scénarios pour webtoons","WebtoonWriterPro","Astuces pour créer des histoires captivantes","4","Très bon guide, merci","StoryCreator","scénarios webtoon","manhwa Webtoon and fanfiction"
"Tendances mode 2024","FashionForecast","Ce qui sera à la mode cette année","5","Hâte de voir ces tendances","TrendWatcher","tendances mode","fashion and beauty"
"Cuisine végétalienne facile","VeganChef","Recettes simples et savoureuses sans produits d'origine animale","5","Délicieux et éthique","PlantBasedFoodie","cuisine végétalienne","food and cooking"
"Animes classiques à voir","AnimeHistorian","Les animes qui ont marqué l'histoire","5","Très intéressant, merci","AnimeFanatic2024","animes classiques","manga and anime"
"Techniques de dessin avancées","WebtoonProTips","Pour améliorer votre style et technique","4","Excellent tutoriel","AdvancedArtist","techniques de dessin","manhwa Webtoon and fanfiction"
"Soins capillaires naturels","HairCareExpert","Guide pour des cheveux sains sans produits chimiques","5","J'adore ces conseils naturels, merci","HealthyHair","soins capillaires","fashion and beauty"
"Organiser son maquillage","MakeupOrganizer","Astuces pour un rangement optimal de votre maquillage","4","Trop pratique, merci","NeatBeauty","organisation maquillage","fashion and beauty"
"Recettes italiennes authentiques","ItalianChef","Plats traditionnels à réaliser chez soi","5","Délicieux et bien expliqué","ItalianFoodLover","recettes italiennes","food and cooking"
"Les animes les plus populaires","AnimeTrendWatcher","Ceux qui font le buzz en ce moment","5","Hâte de les voir","AnimeBuzz","animes populaires","manga and anime"
"Créer des ambiances dans vos dessins","WebtoonMood","Astuces pour illustrer différentes ambiances","4","Très bon tutoriel, merci","MoodArtist","ambiances dessins","manhwa Webtoon and fanfiction"
"Tendances accessoires 2024","AccessoryGuru","Les accessoires incontournables de l'année","5","Super conseils, merci","TrendyAccessorist","tendances accessoires","fashion and beauty"
"Desserts végétaliens","PlantBasedBaker","Recettes pour des desserts sans produits d'origine animale","5","Délicieux et éthique","VeganSweet","desserts végétaliens","food and cooking"
"Revue de mangas populaires","MangaReview","Les mangas qui font parler d'eux","5","Excellente revue, merci","PopularMangaFan","mangas populaires","manga and anime"
"Conseils pour dessiner des paysages","WebtoonLandscape","Astuces pour créer des décors immersifs","4","Très utile, merci","LandscapeArtist","dessins de paysages","manhwa Webtoon and fanfiction"
"Soins de la peau naturelle","NaturalBeautyGuru","Conseils pour une routine beauté naturelle","5","J'adore ces astuces, merci","NaturalSkin","soins de la peau","fashion and beauty"
"Look estival","SummerFashionExpert","Les tendances à adopter pour cet été","5","Super conseils pour l'été","SummerChic","look estival","fashion and beauty"
"Recettes asiatiques rapides","QuickAsianCook","Plats rapides à préparer chez soi","5","Délicieux et rapide","AsianFoodLover","recettes asiatiques","food and cooking"
"Animes à suivre cette année","AnimeCritic2024","Les animes à ne pas manquer","5","Hâte de les découvrir","AnimeWatcherFan","animes à suivre","manga and anime"
"Techniques de narration pour webtoons","WebtoonNarrative","Astuces pour améliorer vos histoires","4","Très bon guide, merci","NarrativeArtist","techniques de narration","manhwa Webtoon and fanfiction"
"Mode printemps-été 2024","SpringSummerStylist","Les tendances pour les saisons à venir","5","J'adore ces looks","SpringChic","tendances mode","fashion and beauty"
"Plats sains et rapides","HealthyQuickChef","Recettes pour des repas équilibrés en un rien de temps","5","Pratique et sain","QuickHealthEater","plats sains rapides","food and cooking"
"Animes cultes","AnimeCultFan","Les animes qui ont marqué les esprits","5","Super sélection, merci","CultAnimeLover","animes cultes","manga and anime"
"Dessiner des personnages féminins","WebtoonFemaleCharacter","Astuces pour des personnages féminins réalistes","4","Very helpful, merci","FemaleCharacterArtist","dessin personnages féminins","manhwa Webtoon and fanfiction"
"Soins du visage au naturel","NaturalFaceCare","Conseils pour une peau éclatante","5","Super conseils pour ma peau","NaturalGlow","soins visage","fashion and beauty"
"Mode éthique et durable","SustainableFashionista","Comment adopter une mode responsable","5","Inspirant et utile","EcoFashionLover","mode durable","fashion and beauty"
"Desserts pour diabétiques","DiabeticChef","Recettes gourmandes et sans sucre ajouté","5","Parfait pour moi","DiabeticSweetTooth","desserts pour diabétiques","food and cooking"
"Sélection des animes du mois","MonthlyAnime","Les nouveautés à ne pas manquer","5","Merci pour les recommandations","MonthlyAnimeFan","animes du mois","manga and anime"
"Créer des scènes comiques","WebtoonComedy","Astuces pour dessiner des scènes humoristiques","4","Very helpful","ComedyArtist","scènes comiques","manhwa Webtoon and fanfiction"
"Tendances coiffures 2024","HairTrendExpert","Les coupes et styles à adopter cette année","5","Super conseils, merci","TrendyHair","coiffures tendances","fashion and beauty"
"Cuisine méditerranéenne facile","MediterraneanChef","Recettes simples et savoureuses","5","Délicieux et sain","MedFoodie","cuisine méditerranéenne","food and cooking"
"Animes populaires de l'année","PopularAnimeCritic","Les animes qui font le buzz","5","Can't wait to watch them","BuzzAnimeFan","animes populaires","manga and anime"
"Dessiner des animaux","WebtoonAnimalArt","Astuces pour dessiner des animaux réalistes","4","Great tips","AnimalSketcher","dessin d'animaux","manhwa Webtoon and fanfiction"
"Maquillage longue tenue","LongLastingMakeupGuru","Conseils pour un maquillage qui dure toute la journée","5","J'adore ces astuces, merci","LongLastingBeauty","maquillage longue tenue","fashion and beauty"
"Look d'automne","AutumnStylist","Les essentiels pour être stylé cet automne","5","Super suggestions pour l'automne","AutumnChic","look automnal","fashion and beauty"
"Desserts gourmands","SweetToothChef","Recettes pour des desserts délicieux","5","Délicieux et facile","SweetLover","desserts gourmands","food and cooking"
"Les mangas à ne pas manquer","MangaMustRead","Les mangas les plus attendus de cette année","5","Top sélection, merci","MustReadMangaFan","mangas à ne pas manquer","manga and anime"
"Dessiner des scènes de nuit","WebtoonNightScenes","Techniques pour illustrer des scènes nocturnes","4","Very helpful tips","NightSceneArtist","dessin scènes de nuit","manhwa Webtoon and fanfiction"
"Soins capillaires pour cheveux bouclés","CurlyHairGuru","Conseils pour des boucles parfaites","5","Super astuces pour mes boucles","CurlyBeauty","soins cheveux bouclés","fashion and beauty"
"Recettes de brunch faciles","BrunchMasterChef","Idées de brunch rapides et savoureuses","5","Parfait pour le week-end","BrunchFan","recettes brunch","food and cooking"
"Meilleurs mangas de l'année","MangaBestOf","Les œuvres incontournables de cette année","5","Super liste, merci","MangaBestFan","meilleurs mangas","manga and anime"